"","samp_id","grid_num","taxon_id","asexual_abun","rhizine_abun","rhizine_length","mass_dry","area","sta","water_capacity","thallus_thickness","cortex_thickness"
"1",1,1,"Pmo_hyp","few","sparse",0.17,70.1,4.5985316,0.0655995948644793,3.34664764621969,636.5,40.2
"2",1,9,"Pha_rub","several","dense",0.03,0.518,0.0592568,0.114395366795367,0.667953667953668,291.833333333333,59.5
"3",1,11,"Pun_rud","many","sparse",0.06,44,2.3495856,0.0533996727272727,2.33181818181818,594.066666666667,127.3
"4",1,16,"Pun","none","dense",0.08,7.042,0.662,0.0940073842658336,0.917069014484521,397.233333333333,49.3
"5",1,17,"Phy_mil","few","sparse",NA,0.1,NA,NA,3,NA,NA
"6",2,2,"Phy_mil","several","sparse",0.03,0.738,0.068,0.0921409214092141,0.680216802168022,257.833333333333,52.7
"7",2,5,"Fla_cap","none","sparse",0.03,3.692,0.553,0.149783315276273,0.812567713976165,228.933333333333,10.2
"8",2,8,"Phy_mil","few","sparse",0.03,0.2,0.012,0.06,-0.42,NA,NA
"9",2,14,"Pha_rub","few","dense",0.03,0.164,0.022,0.134146341463415,2.65853658536585,172.266666666667,28.9
"10",2,15,"Phy_mil","several","sparse",0.02,0.216,0.017,0.0787037037037037,0.0648148148148149,201.733333333333,42.5
"11",2,16,"Fla_cap","none","sparse",0.08,44.6,2.871,0.064372197309417,2.55156950672646,343.966666666667,17
"12",2,19,"Phy_mil","few","sparse",0.02,1.902,0.0971436,0.0510744479495268,1.02944269190326,277.1,8.5
"13",2,20,"Phy_mil","few","sparse",0.01,0.07,0.0081257,0.116081428571429,0.714285714285714,176.8,18.7
"14",3,2,"Fla_cap","few","sparse",0.02,36.3,2.2523645,0.062048608815427,2.54820936639119,388.166666666667,10.2
"15",3,3,"Fla_cap","few","sparse",0.02,15.4,1.662,0.107922077922078,1.93506493506494,377.433333333333,11.9
"16",3,6,"Pmo_hyp","none","sparse",0.02,0.378,0.058,0.153439153439153,1.07936507936508,275.4,20.4
"17",3,7,"Fla_cap","none","sparse",0.06,23.9,1.8241975,0.0763262552301255,3.02928870292887,470.333333333333,28.9
"18",3,8,"Phy_mil","few","sparse",0.02,0.21,0.022,0.104761904761905,1.15238095238095,221,64.6
"19",3,9,"Fla_cap","none","sparse",0.08,26.8,2.037,0.0760074626865672,3.19402985074627,493.566666666667,37.4
"20",3,13,"Pmo_ret","none","dense",0.07,8.158,0.8,0.0980632507967639,1.20029418975239,195.5,40.8
"21",3,15,"Fla_cap","none","dense",0.04,13.5,1.3163591,0.0975080814814815,2.08148148148148,288.433333333333,54.4
"22",3,16,"Phy_mil","none","sparse",NA,0.1,NA,NA,7,NA,NA
"23",3,23,"Pmo_hyp2","none","sparse",0.02,0.122,0.022,0.180327868852459,0.786885245901639,228.366666666667,0
"24",4,4,"Pmo_hyp","none","sparse",0.05,4.966,0.642,0.129279097865485,0.93717277486911,240.833333333333,18.7
"25",4,6,"Phy_mil","none","sparse",0.01,0.142,0.018,0.126760563380282,0.52112676056338,275.4,20.4
"26",4,7,"Pun_rud","few","sparse",0.02,0.45,0.055,0.122222222222222,0.751111111111111,402,40.2
"27",4,10,"Phy_mil","several","sparse",0.02,0.696,0.0872492,0.125358045977012,1.10632183908046,231.766666666667,68
"28",4,11,"Pmo_hyp","none","dense",0.09,10.1,1.312,0.12990099009901,1.30693069306931,224.4,6.8
"29",4,12,"Fla_cap","none","sparse",0.04,4.166,0.456,0.109457513202112,0.867498799807969,270.3,37.4
"30",4,15,"Pun_rud","many","sparse",0.08,102.9,5.0116284,0.0487038717201166,3.44897959183673,529.3,45.9
"31",4,16,"Pun","none","sparse",0.03,2.72,0.263,0.0966911764705882,0.806617647058823,385.333333333333,51
"32",4,18,"Pun_rud","many","dense",0.1,107.7,6.241,0.0579480037140204,3.32126276694522,389.933333333333,71.4
"33",4,19,"Pun_rud","many","sparse",0.02,26.2,1.457,0.0556106870229008,1.0381679389313,462.3,54.4
"34",4,20,"Pun_rud","many","sparse",0.04,31.5,1.473,0.0467619047619048,3.02539682539683,387.4,40.8
"35",4,22,"Fla_cap","few","sparse",0.04,85.8,6.786,0.0790909090909091,2.74475524475525,285.033333333333,13.6
"36",4,23,"Fla_cap","none","sparse",0.04,9.096,1.046,0.114995602462621,0.879947229551451,236.866666666667,22.1
"37",4,24,"Pun_rud","many","sparse",0.03,33.6,2.677,0.079672619047619,3.86011904761905,419.866666666667,52.7
"38",5,1,"Fla_cap","none","sparse",0.03,7.198,0.669,0.0929424840233398,0.914698527368713,277.666666666667,47.6
"39",5,4,"Pun_rud","several","sparse",0.06,27.3,1.652,0.0605128205128205,1.6007326007326,256.7,64.6
"40",5,7,"Phy_mil","few","sparse",0.03,1.614,0.127,0.0786864931846344,1.20198265179678,244.8,34
"41",5,8,"Htr_liv","none","dense",0.05,46.3,2.0185534,0.0435972656587473,2.57235421166307,266.9,13.6
"42",5,9,"Pun_rud","none","sparse",0.02,0.252,0.035,0.138888888888889,0.698412698412698,226.666666666667,68
"43",5,13,"Pmo_hyp","several","sparse",0.09,11.3,1.2561795,0.111166327433628,1.45132743362832,509.2,0
"44",5,14,"Phy_mil","several","sparse",0.02,3.626,0.2596643,0.0716117760617761,0.919470490899062,236.3,39.1
"45",5,19,"Htr_liv","none","dense",0.12,20.1,0.9825261,0.0488818955223881,2.11940298507463,315.066666666667,32.3
"46",5,21,"Pmo_sp1","none","dense",0.06,22.1,2.4559074,0.111127031674208,1.68778280542986,462.3,51
"47",5,21,"Pmo_sp1","none","dense",0.06,22.1,2.4559074,0.111127031674208,1.68778280542986,462.3,51
"48",5,22,"Pun_rud","many","sparse",0.03,20.9,1.3298313,0.0636282918660287,1.58851674641148,265.2,47.6
"49",5,24,"Fla_cap","none","sparse",0.01,2.584,0.34,0.131578947368421,1.03947368421053,337.166666666667,37.4
"50",6,2,"Fla_cap","none","sparse",0.03,46.7,3.422,0.0732762312633833,1.49892933618844,281.066666666667,27.2
"51",6,3,"Pmo_hyp","few","sparse",0.09,16.8,1.9554489,0.116395767857143,2.63095238095238,486.866666666667,64.6
"52",6,4,"Fla_cap","many","sparse",0.04,9.11,0.811,0.0890230515916575,0.942919868276619,379.666666666667,23.8
"53",6,6,"Fla_cap","several","sparse",0.06,56.1,2.474,0.0440998217468806,1.12121212121212,670,57.8
"54",6,7,"Fla_cap","few","sparse",0.03,69.1,4.6399626,0.067148518089725,2.12011577424023,424.333333333333,30.6
"55",6,8,"Pmo_ret","several","dense",0.07,63.8,4.8734723,0.0763867131661442,4.11598746081505,303.166666666667,47.6
"56",6,10,"Fla_cap","several","sparse",0.04,45.4,2.3830952,0.0524910837004405,1.37444933920705,632.033333333333,110.5
"57",6,11,"Fla_cap","several","sparse",0.03,34,1.3873286,0.0408037823529412,1.85294117647059,212.5,13.6
"58",6,12,"Fla_cap","several","sparse",0.04,43.2,2.589,0.0599305555555555,4.36111111111111,348.033333333333,20.4
"59",6,13,"Fla_cap","several","sparse",0.05,65.2,3.8399676,0.0588952085889571,1.27760736196319,585.133333333333,124.1
"60",6,15,"Fla_cap","none","sparse",0.05,3.156,0.305,0.0966413181242079,0.955640050697085,377.433333333333,40.2
"61",6,17,"Fla_cap","none","sparse",0.03,5.204,0.396,0.0760953112990008,1.01537279016141,255.566666666667,15.3
"62",6,20,"Fla_cap","several","sparse",0.05,120.8,7.304,0.0604635761589404,1.02235099337748,360.133333333333,13.6
"63",6,21,"Pmo_sp1","none","dense",0.06,16.7,1.3941257,0.0834805808383234,2.20359281437126,379.633333333333,27.2
"64",6,24,"Pmo_hyp","several","sparse",0.14,52.3,4.684598,0.0895716634799235,4.33269598470363,448.9,57.8
"65",7,1,"Pyx_sub","several","dense",0.03,1.172,0.097,0.0827645051194539,0.808873720136519,236.3,52.7
"66",7,3,"Pun","none","sparse",0.04,1.108,0.126,0.113718411552347,0.633574007220217,292.4,35.7
"67",7,4,"Pyx_sub","few","sparse",0.03,0.32,0.0331795,0.1036859375,0.95,249.333333333333,74.8
"68",7,7,"Pmo_hyp","none","sparse",0.07,3.066,0.3168724,0.103350424005219,0.916503587736465,253.866666666667,27.2
"69",7,8,"Pmo_tin","many","dense",0.06,1.65,0.107,0.0648484848484848,1.10181818181818,355.3,42.5
"70",7,10,"Fla_cap","none","sparse",0.05,2.094,0.232,0.110792741165234,0.962750716332379,278.8,44.2
"71",7,12,"Pun_rud","few","sparse",0.03,2.498,0.194,0.077662129703763,0.583666933546837,395.3,33.5
"72",7,14,"Phy_aip","none","dense",0.03,5.564,0.3075027,0.0552664809489576,1.08483105679367,342.833333333333,15.3
"73",7,16,"Pun","none","sparse",0.02,1.4,0.15,0.107142857142857,0.775714285714286,261.233333333333,51
"74",7,19,"Pmo_tin","few","dense",0.04,0.388,0.06,0.154639175257732,0.644329896907216,260.1,13.6
"75",7,22,"Fla_cap","none","sparse",0.05,1.18,0.133,0.11271186440678,0.816949152542373,244.233333333333,44.2
"76",7,23,"Pun_rud","few","sparse",0.03,1.4,0.152,0.108571428571429,1.05714285714286,348.5,79.9
"77",8,3,"Pun_rud","few","sparse",0.05,4.252,0.452,0.106302916274694,0.855126999059266,286.733333333333,56.1
"78",8,6,"Pmo_hyp","few","sparse",0.05,2.838,0.424,0.149400986610289,0.871035940803382,305.433333333333,30.6
"79",8,11,"Pun_rud","few","sparse",0.04,10.6,0.862,0.0813207547169811,1.59433962264151,336.033333333333,71.4
"80",8,14,"Pmo_hyp","few","sparse",0.06,7.9,0.7628977,0.096569329113924,0.996708860759493,372.866666666667,68
"81",8,16,"Pun","none","sparse",0.04,1.272,0.165,0.129716981132075,1.08176100628931,264.633333333333,69.7
"82",8,23,"Pun_rud","many","sparse",0.06,39.9,2.9067775,0.0728515664160401,5.03258145363409,405.166666666667,76.5
"83",8,24,"Pun_rud","several","sparse",0.05,16.9,1.2922873,0.0764667041420118,2.20710059171598,274.833333333333,59.5
"84",9,1,"Phy_mil","few","sparse",NA,NA,NA,NA,NA,NA,NA
"85",9,4,"Fla_cap","none","sparse",0.03,1.084,0.125,0.115313653136531,1.08487084870849,280.5,30.6
"86",9,5,"Pmo_hyp","none","dense",0.04,2.33,0.316,0.135622317596567,0.810300429184549,168.3,37.4
"87",9,9,"Phy_mil","none","dense",0.02,0.166,0.042,0.253012048192771,1.59036144578313,181.9,40.8
"88",9,12,"Pun","none","sparse",0.05,9.034,0.6674629,0.0738834292672127,0.838166924950188,358.7,35.7
"89",9,21,"Fla_cap","none","dense",0.05,8.412,0.7064095,0.0839764027579648,0.804564907275321,278.233333333333,28.9
"90",9,24,"Pun","none","dense",0.03,3.708,0.343,0.0925026968716289,0.944444444444444,393.833333333333,66.3
"91",10,8,"Pun","none","sparse",0.03,3.474,0.377,0.108520437535982,0.831318364997121,275.966666666667,57.8
"92",10,12,"Pun_rud","several","sparse",0.05,9.532,0.638,0.0669324381032312,0.758287872429711,411.4,57.8
"93",10,14,"Pun","none","sparse",0.04,1.404,0.071,0.0505698005698006,0.844729344729345,268.033333333333,40.8
"94",10,15,"Pun","none","sparse",0.06,4.726,0.482,0.101988997037664,0.737198476512907,438.033333333333,52.7
"95",10,16,"Phy_mil","few","sparse",0.01,0.244,0.007,0.0286885245901639,0.622950819672131,313.933333333333,15.3
"96",10,18,"Pyx_sub","none","sparse",0.02,0.414,0.017,0.0410628019323672,0.545893719806763,192.1,54.4
"97",10,23,"Fla_cap","none","sparse",0.05,9.828,0.667,0.0678673178673179,0.825193325193325,336.6,42.5
"98",11,1,"Pun","none","sparse",0.03,1.368,0.1454543,0.106326242690058,0.864035087719298,172.833333333333,40.8
"99",11,4,"Pun","none","sparse",0.04,3.276,0.27,0.0824175824175824,0.749084249084249,282.2,51
"100",11,5,"Pun_rud","few","sparse",0.05,8.396,0.8301795,0.0988779776083849,0.83420676512625,518.133333333333,39.1
"101",11,9,"Pun_rud","few","sparse",0.03,6.594,0.5181616,0.0785807703973309,2.24719441916894,337.733333333333,73.1
"102",11,10,"Fla_cap","none","sparse",0.02,10.5,1.8408798,0.175321885714286,1.60952380952381,280.5,28.9
"103",11,16,"Pun_rud","none","dense",0.05,8.112,0.57,0.0702662721893491,0.823224852071006,446.666666666667,57.8
"104",11,17,"Pun_rud","few","sparse",0.03,2.008,0.1593591,0.0793621015936255,0.633466135458167,321.3,42.5
"105",11,18,"Pun_rud","few","sparse",0.03,6.414,0.478,0.0745244777050203,0.738384783286561,757.1,69.7
"106",11,21,"Pun","none","sparse",0.02,0.296,0.041,0.138513513513514,0.445945945945946,469,73.7
"107",11,22,"Pun_rud","many","sparse",0.07,8.882,0.504,0.0567439765818509,0.746228326953389,544.933333333333,74.8
"108",12,2,"Fla_cap","none","sparse",0.04,2.28,0.337,0.14780701754386,0.904385964912281,442.2,49.3
"109",12,5,"Pmo_hyp","few","sparse",0.16,2.468,0.2839875,0.115067868719611,1.38411669367909,316.2,62.9
"110",12,7,"Pun_rud","few","sparse",0.06,5.464,0.473,0.0865666178623719,0.710468521229868,338.3,52.7
"111",12,10,"Pmo_hyp","few","sparse",0.11,9.09,0.952,0.104730473047305,0.932893289328933,437.733333333333,93.5
"112",12,11,"Fla_cap","none","sparse",0.09,3.796,0.432,0.113804004214963,0.870916754478398,558.033333333333,56.1
"113",12,12,"Pun_rud","few","sparse",0.07,3.552,0.428,0.120495495495495,0.876689189189189,325.833333333333,83.3
"114",12,15,"Pmo_hyp","few","sparse",0.03,0.72,0.079,0.109722222222222,0.658333333333333,234.033333333333,32.3
"115",12,16,"Pun_rud","few","sparse",0.02,4.356,0.411,0.0943526170798898,0.803948576675849,473.466666666667,60.3
"116",12,19,"Fla_cap","none","sparse",0.03,4.448,0.548,0.123201438848921,0.880395683453237,310.433333333333,56.1
"117",12,20,"Fla_cap","none","sparse",0.02,1.812,0.25,0.137969094922737,0.660044150110375,299.766666666667,20.4
"118",12,23,"Pun_rud","several","sparse",0.06,13.9,1.304,0.0938129496402878,4.30935251798561,567.266666666667,18.7
"119",13,10,"Pun","none","sparse",0.04,0.486,0.065,0.133744855967078,0.781893004115226,324.7,47.6
"120",13,11,"Fol","none","sparse",0.02,0.266,0.028,0.105263157894737,0.819548872180451,391.566666666667,15.3
"121",13,17,"Pha_rub","several","dense",0.06,1.83,0.070167,0.0383426229508197,0.844808743169399,210.8,40.8
"122",13,21,"Phy_mil","few","sparse",0.02,0.28,0.025,0.0892857142857143,0.635714285714286,300.333333333333,68
"123",13,22,"Pun","none","sparse",0.01,2.074,0.235,0.113307618129219,0.811957569913211,194.933333333333,40.8
"124",13,23,"Phy_mil","several","dense",0.02,0.118,0.01,0.0847457627118644,0.474576271186441,215.333333333333,20.4
"125",14,1,"Pun_rud","few","sparse",0.07,4.226,0.362,0.085660198769522,0.868906767628963,439.966666666667,45.9
"126",14,5,"Pun_rud","few","sparse",0.05,4.234,0.308,0.0727444496929617,0.869154463863958,442.2,57.8
"127",14,6,"Pun","none","sparse",0.05,1.664,0.186,0.111778846153846,0.757211538461539,335.466666666667,56.1
"128",14,10,"Fla_cap","none","sparse",0.05,6.572,0.767,0.116707242848448,0.779367011564212,460.066666666667,49.3
"129",14,11,"Htr_liv","none","dense",0.04,1.692,0.194,0.114657210401891,0.888888888888889,210.233333333333,35.7
"130",14,12,"Phy_mil","few","sparse",NA,0.05,0.0091077,0.182154,0.4,NA,NA
"131",14,14,"Htr_liv","none","dense",0.04,1.106,0.118,0.106690777576854,1.16998191681736,248.2,28.9
"132",14,16,"Pmo_hyp","few","sparse",0.11,4.162,0.621,0.149207111965401,0.827486785199423,513.666666666667,45.9
"133",14,18,"Pmo_tin","many","sparse",0.04,27.5,1.726,0.0627636363636364,4.14181818181818,435.5,20.4
"134",14,19,"Pmo_sub","none","sparse",0.08,7.298,0.664,0.0909838311866265,0.892025212386955,315.633333333333,51
"135",14,21,"Fla_cap","few","sparse",0.02,15.4,1.131,0.0734415584415584,2.57142857142857,585.133333333333,34
"136",14,22,"Can_car","several","sparse",0.04,5.596,0.4221246,0.0754332737669764,0.642601858470336,587.366666666667,37.4
"137",14,23,"Htr_liv","none","dense",0.05,0.418,0.038,0.0909090909090909,1.04306220095694,185.866666666667,17
"138",14,24,"Pmo_hyp","several","sparse",0.04,1.186,0.182,0.153456998313659,0.912310286677909,399.766666666667,47.6
"139",15,2,"Pun_rud","few","sparse",0.05,5.258,0.6243026,0.118733853176113,0.858120958539369,248.2,54.4
"140",15,3,"Fol","none","sparse",NA,NA,NA,NA,NA,NA,NA
"141",15,6,"Pyx_sub","many","sparse",0.02,3.23,0.306,0.0947368421052632,0.801238390092879,439.966666666667,73.7
"142",15,7,"Phy_mil","several","sparse",0.02,0.682,0.083,0.121700879765396,1.29032258064516,227.8,39.1
"143",15,9,"Pyx_sub","several","sparse",0.01,6.518,0.4457954,0.0683945075176434,0.712181650813133,202.866666666667,27.2
"144",15,10,"Phy_mil","none","sparse",NA,NA,NA,NA,NA,NA,NA
"145",15,11,"Fla_cap","none","dense",0.03,1.124,0.157,0.139679715302491,0.987544483985765,197.2,28.9
"146",15,13,"Pmo_hyp2","several","dense",0.06,21.9,2.4738314,0.112960337899543,2.87671232876712,687.866666666667,40.8
"147",15,15,"Fla_cap","none","dense",0.03,4.61,0.6117299,0.132696290672451,0.984815618221258,262.933333333333,30.6
"148",15,17,"Pun_rud","few","sparse",0.09,5.702,0.4901077,0.0859536478428621,0.782532444756226,455.6,57.8
"149",15,19,"Phy_mil","several","sparse",0.01,0.72,0.041,0.0569444444444445,0.825,202.866666666667,27.2
"150",15,22,"Pun","none","sparse",0.05,1.902,0.191,0.100420609884332,0.89589905362776,303.633333333333,47.6
"151",15,24,"Pmo_hyp","none","dense",0.07,0.892,0.1411077,0.158192488789238,0.937219730941704,328.1,32.3
"152",16,2,"Fla_cap","few","sparse",0.03,3.196,0.3652693,0.114289518147685,0.627659574468085,232.9,11.9
"153",16,9,"Pmo_hyp","none","sparse",0.02,0.354,0.054,0.152542372881356,1.57062146892655,232.333333333333,15.3
"154",16,10,"Pmo_sub","none","sparse",0.06,20.8,1.65,0.0793269230769231,3.50961538461538,314.766666666667,17
"155",16,18,"Fla_cap","none","sparse",0.02,4.842,0.6376231,0.131685894258571,0.769103676166873,322.433333333333,22.1
"156",16,19,"Pun_rud","several","sparse",0.04,7.334,0.642,0.087537496591219,0.793291518952822,266.333333333333,40.8
"157",16,20,"Htr_liv","none","dense",0.07,8.082,0.815,0.100841375897055,0.807720861172977,352.866666666667,22.1
"158",16,21,"Pmo_hyp","several","sparse",0.05,7.284,0.6234489,0.0855915568369028,0.864360241625481,378.2,27.2
"159",16,22,"Fla_cap","none","dense",0.06,18.8,1.912,0.101702127659574,1.52659574468085,429.5,35.7
"160",16,23,"Htr_liv","none","dense",0.06,5.624,0.521,0.0926386913229019,1.0821479374111,278.8,52.7
"161",17,5,"Phy_mil","few","sparse",0.03,0.05,0.007,0.14,0.76,155.833333333333,10.2
"162",17,9,"Pyx_sub","none","sparse",0.03,0.236,0.021,0.0889830508474576,0.661016949152542,300.333333333333,44.2
"163",17,13,"Fla_cap","none","sparse",0.05,4.868,0.511,0.104971240755957,0.935086277732128,402,59.5
"164",17,20,"Can_cro","none","sparse",0.02,0.412,0.044,0.106796116504854,0.611650485436893,354.166666666667,37.4
"165",18,2,"Pyx_sub","few","sparse",0.01,0.528,0.058,0.109848484848485,0.587121212121212,304.866666666667,78.2
"166",18,4,"Pyx_sub","several","sparse",0.01,0.472,0.051,0.108050847457627,0.593220338983051,213.633333333333,59.5
"167",18,8,"Can_cro","few","sparse",0.02,23.4,1.92,0.0820512820512821,1.92735042735043,453.366666666667,62.9
"168",18,16,"Pun","none","sparse",0.05,2.482,0.214,0.0862207896857373,0.656728444802578,356.4,28.9
"169",18,17,"Can_cro","none","dense",0.04,0.772,0.096,0.124352331606218,1.44300518134715,317.9,51
"170",18,18,"Fla_cap","none","sparse",0.03,1.05,0.159,0.151428571428571,0.691428571428571,251.6,25.5
"171",18,19,"Can_cro","none","dense",0.03,1.092,0.1585565,0.14519826007326,1.09157509157509,201.166666666667,45.9
"172",18,20,"Can_tex","none","dense",0.09,13.8,1.257,0.0910869565217391,2.02898550724638,262.933333333333,13.6
"173",55,1,"Can_car","several","sparse",NA,23.5,NA,NA,1.41276595744681,NA,NA
"174",55,2,"Can_car","several","sparse",NA,15.3,NA,NA,0.862745098039216,NA,NA
"175",55,5,"Can_car","several","sparse",NA,11.2,NA,NA,0.508928571428571,NA,NA
"176",55,8,"Fla_cap","none","dense",NA,9.6,NA,NA,0.59375,NA,NA
"177",55,10,"Pun_rud","several","sparse",NA,17.1,NA,NA,0.736842105263158,NA,NA
"178",55,13,"Fla_cap","none","sparse",NA,1.24,NA,NA,0.733870967741935,NA,NA
"179",55,14,"Pun_rud","few","dense",NA,7.5,NA,NA,0.786666666666667,NA,NA
"180",55,15,"Fla_cap","none","sparse",NA,6.2,NA,NA,0.903225806451613,NA,NA
"181",55,16,"","several","dense",NA,0.4,NA,NA,1.75,NA,NA
"182",55,17,"Fla_cap","few","sparse",NA,9.9,NA,NA,1.15151515151515,NA,NA
"183",55,18,"Pun_rud","many","sparse",NA,33.3,NA,NA,0.87987987987988,NA,NA
"184",55,21,"Pmo_ret","several","dense",NA,6.9,NA,NA,1.30434782608696,NA,NA
"185",55,22,"Pun_rud","many","sparse",NA,27.7,NA,NA,0.324909747292419,NA,NA
"186",55,23,"Pun_rud","few","dense",NA,13.8,NA,NA,0.847826086956522,NA,NA
"187",56,1,"Pmo_dil","several","dense",NA,4.334,NA,NA,1.15920627595755,NA,NA
"188",56,2,"Pun_rud","few","sparse",NA,10.8,NA,NA,0.398148148148148,NA,NA
"189",56,3,"Fla_cap","none","sparse",NA,13.7,NA,NA,1.24087591240876,NA,NA
"190",56,4,"Fla_cap","several","sparse",NA,23.7,NA,NA,0.864978902953587,NA,NA
"191",56,7,"Fla_cap","none","sparse",NA,6.4,NA,NA,0.953125,NA,NA
"192",56,8,"Pun_rud","several","sparse",NA,13.9,NA,NA,0.676258992805755,NA,NA
"193",56,9,"Pmo_sui","none","sparse",NA,61,NA,NA,1.4344262295082,NA,NA
"194",56,11,"Fla_cap","several","dense",NA,3.1,NA,NA,0.064516129032258,NA,NA
"195",56,12,"Pun_rud","many","sparse",NA,13.8,NA,NA,0.971014492753623,NA,NA
"196",56,13,"Pmo_dil","several","dense",NA,14.2,NA,NA,1.26056338028169,NA,NA
"197",56,15,"Fla_cap","few","sparse",NA,20.1,NA,NA,1.02487562189055,NA,NA
"198",56,16,"Fla_cap","few","sparse",NA,17.4,NA,NA,0.902298850574713,NA,NA
"199",56,18,"Fla_cap","few","sparse",NA,24.1,NA,NA,0.871369294605809,NA,NA
"200",56,19,"Fla_cap","few","sparse",NA,29.6,NA,NA,0.918918918918919,NA,NA
"201",56,20,"Fla_cap","several","sparse",NA,4.536,NA,NA,1.04144620811288,NA,NA
"202",56,21,"Phy_mil","few","sparse",NA,NA,NA,NA,NA,NA,NA
"203",56,23,"Fla_cap","none","sparse",NA,3.876,NA,NA,0.909184726522188,NA,NA
"204",56,24,"Fla_cap","few","sparse",NA,19.5,NA,NA,1.04615384615385,NA,NA
"205",57,5,"Pun_rud","few","sparse",NA,8.9,NA,NA,0.662921348314607,NA,NA
"206",57,10,"Pun_rud","several","sparse",NA,4.642,NA,NA,0.773373545885394,NA,NA
"207",57,12,"Pun","none","sparse",NA,0.4,0.074,0.185,NA,NA,NA
"208",57,14,"Pun_rud","few","sparse",NA,7.1,NA,NA,0.28169014084507,NA,NA
"209",57,15,"Pun","none","sparse",NA,1.27,NA,NA,0.979527559055118,NA,NA
"210",57,18,"Pun","none","sparse",NA,0.77,NA,NA,0.997402597402597,NA,NA
"211",57,19,"Pun","none","dense",NA,1.2,NA,NA,2.08333333333333,NA,NA
"212",57,22,"Pun_rud","few","sparse",NA,4.204,0.345,0.0820647002854424,0.698858230256898,NA,NA
"213",58,1,"Can_car","few","sparse",NA,6.9,0.702,0.101739130434783,0.869565217391304,NA,NA
"214",58,2,"Can_car","few","sparse",NA,4.504,0.452,0.100355239786856,0.885879218472469,NA,NA
"215",58,3,"Can_car","several","sparse",NA,2.362,0.285,0.120660457239627,0.8077900084674,NA,NA
"216",58,4,"Pun_rud","several","sparse",NA,7.59,0.372,0.0490118577075099,0.604743083003953,NA,NA
"217",58,6,"Can_car","several","sparse",NA,8.8,0.926,0.105227272727273,1.35227272727273,NA,NA
"218",58,8,"Pun","none","sparse",NA,0.864,0.126,0.145833333333333,1.13657407407407,NA,NA
"219",58,10,"Fla_cap","several","sparse",NA,4.214,0.462,0.109634551495017,0.906976744186046,NA,NA
"220",58,11,"Can_car","many","sparse",NA,4.108,NA,NA,0.850048685491724,NA,NA
"221",58,13,"Pun_rud","several","dense",NA,4.4,0.644,0.146363636363636,0.893181818181818,NA,NA
"222",58,14,"Can_cro","several","sparse",NA,5.3,0.442,0.0833962264150943,0.962264150943396,NA,NA
"223",58,15,"Pun_rud","few","dense",NA,4,0.331,0.08275,0.775,NA,NA
"224",58,16,"Fla_cap","none","sparse",NA,3.7,0.435,0.117567567567568,0.762702702702703,NA,NA
"225",58,17,"Can_car","many","sparse",NA,3.462,0.147,0.0424610051993068,0.378393991912189,NA,NA
"226",58,18,"Can_car","many","sparse",NA,4.476,NA,NA,0.658623771224307,NA,NA
"227",58,19,"Fla_cap","none","sparse",NA,8.274,1.076,0.130045927000242,1.04036741600193,NA,NA
"228",58,21,"Can_car","many","sparse",NA,3.6,0.214,0.0594444444444444,0.527777777777778,NA,NA
"229",58,22,"Can_car","several","sparse",NA,2.296,0.164,0.0714285714285714,0.742160278745645,NA,NA
"230",58,23,"Can_car","several","sparse",NA,1.948,0.213,0.109342915811088,0.959958932238193,NA,NA
"231",59,3,"Pun_rud","several","sparse",NA,10.1,0.638,0.0631683168316832,0.792079207920792,NA,NA
"232",59,16,"Pmo_hyp","few","dense",NA,7.232,0.534,0.0738384955752212,0.814712389380531,NA,NA
"233",59,11,"Pun_rud","several","sparse",NA,34.8,1.922,0.0552298850574713,0.229885057471264,NA,NA
"234",59,19,"Pun_rud","several","sparse",NA,15.3,1.196,0.0781699346405229,0.228758169934641,NA,NA
"235",59,20,"Pmo_ret","few","dense",NA,18.1,1.47,0.0812154696132597,1.02762430939227,NA,NA
"236",59,18,"Pun_rud","many","sparse",NA,21,0.949,0.0451904761904762,0.461904761904762,NA,NA
"237",59,15,"Pun_rud","many","sparse",NA,69.1,3.647,0.0527785817655572,0.781476121562952,NA,NA
"238",59,17,"Pun_rud","many","sparse",NA,23.7,1.219,0.0514345991561182,1.33755274261603,NA,NA
"239",59,23,"Pun_rud","few","dense",NA,6.3,0.616,0.0977777777777778,0.73015873015873,NA,NA
"240",59,8,"Pun_rud","several","dense",NA,25.5,1.866,0.0731764705882353,1.14509803921569,NA,NA
"241",60,1,"Fla_cap","none","sparse",NA,8.4,0.542,0.0645238095238095,1.08333333333333,NA,NA
"242",60,4,"Pun_rud","several","dense",NA,30.2,1.654,0.0547682119205298,0.387417218543046,NA,NA
"243",60,6,"Pun_rud","few","dense",NA,5.9,0.343,0.058135593220339,0.305084745762712,NA,NA
"244",60,7,"Pun_rud","few","dense",NA,2.024,0.129,0.0637351778656127,0.683794466403162,NA,NA
"245",60,8,"Pun_rud","several","dense",NA,8.8,0.816,0.0927272727272727,0.920454545454545,NA,NA
"246",60,16,"Pun_rud","few","dense",NA,4.524,0.348,0.0769230769230769,0.769672855879752,NA,NA
"247",60,23,"Pun_rud","few","sparse",NA,3.78,0.494,0.130687830687831,0.663492063492064,NA,NA
"248",67,3,"Fla_cap","few","dense",NA,123.2,NA,NA,1.23457792207792,NA,NA
"249",67,4,"Usn_str","none","",NA,185.3,7.685,0.0414732865623314,1.20777118186724,NA,NA
"250",67,5,"Usn","none","",NA,NA,NA,NA,NA,NA,NA
"251",67,7,"Pmo_sub","none","dense",NA,84.5,7.584,0.0897514792899408,0.994082840236686,NA,NA
"252",67,8,"Pmo_hyp","few","dense",NA,11.3,NA,NA,0.991150442477876,NA,NA
"253",67,9,"Pun_rud","several","dense",NA,41.9,NA,NA,0.43436754176611,NA,NA
"254",67,11,"Fla_cap","none","sparse",NA,2.99,NA,NA,0.853511705685619,NA,NA
"255",67,13,"Usn","none","",NA,2.942,NA,NA,1.18082936777702,NA,NA
"256",67,15,"Pmo_sub","several","dense",NA,130.7,8.585,0.0656847742922724,1.02601377199694,NA,NA
"257",67,18,"Pmo_ret","none","dense",NA,14.5,NA,NA,0.951724137931034,NA,NA
"258",67,19,"Pmo_sub","none","dense",NA,8.5,NA,NA,1.16470588235294,NA,NA
"259",67,20,"Fla_cap","none","sparse",NA,1.736,0.292,0.168202764976959,1.01036866359447,NA,NA
"260",67,23,"Can_car","none","sparse",NA,1.22,0.2,0.163934426229508,1.44590163934426,NA,NA
"261",68,2,"Fla_cap","none","dense",NA,2.066,NA,NA,0.66892545982575,NA,NA
"262",68,4,"Pmo_hyp","few","sparse",NA,12.1,1.564,0.129256198347107,0.12396694214876,NA,NA
"263",68,9,"Fla_cap","none","dense",NA,1.212,NA,NA,0.864686468646865,NA,NA
"264",68,10,"Htr_liv","none","dense",NA,15.8,NA,NA,2.20253164556962,NA,NA
"265",68,15,"Pun_rud","few","dense",NA,6.704,NA,NA,0.693019093078759,NA,NA
"266",68,17,"Can_car","many","dense",NA,36.7,1.673,0.0455858310626703,0.700272479564032,NA,NA
"267",68,18,"Can_car","several","dense",NA,25.6,NA,NA,1.5234375,NA,NA
"268",68,19,"Htr_liv","none","dense",NA,1.416,NA,NA,0.997175141242938,NA,NA
"269",68,21,"Can_car","many","dense",NA,30.3,NA,NA,1.45544554455446,NA,NA
"270",68,22,"Pun_rud","several","sparse",NA,60.7,NA,NA,1.05107084019769,NA,NA
"271",69,9,"Fla_cap","few","sparse",NA,35,NA,NA,0.494285714285714,NA,NA
"272",69,6,"Htr_liv","none","dense",NA,17.2,NA,NA,1.27906976744186,NA,NA
"273",69,1,"Fla_cap","none","sparse",NA,7.4,NA,NA,0.797297297297297,NA,NA
"274",69,12,"Fla_cap","none","sparse",NA,5.214,NA,NA,0.851937092443422,NA,NA
"275",69,8,"Fla_cap","none","sparse",NA,2.69,NA,NA,0.927137546468402,NA,NA
"276",69,21,"Fla_cap","several","sparse",NA,27.3,NA,NA,0.212454212454212,NA,NA
"277",69,11,"Htr_liv","none","dense",NA,17.4,NA,NA,0.413793103448276,NA,NA
"278",69,7,"Fla_cap","none","sparse",NA,14.6,1.431,0.098013698630137,1.34246575342466,NA,NA
"279",69,4,"Pun_rud","few","dense",NA,9,NA,NA,0.8,NA,NA
"280",69,2,"Fla_cap","none","dense",NA,12.5,NA,NA,0.816,NA,NA
"281",69,22,"Fla_cap","several","sparse",NA,74.5,NA,NA,1.11946308724832,NA,NA
"282",69,18,"Fla_cap","several","sparse",NA,44.1,NA,NA,0.755102040816327,NA,NA
"283",70,1,"Fla_cap","none","sparse",NA,2.096,NA,NA,0.949427480916031,NA,NA
"284",70,2,"Fla_cap","few","sparse",NA,4.8,NA,NA,1.33333333333333,NA,NA
"285",70,6,"Fla_cap","none","sparse",NA,3.598,NA,NA,0.826014452473597,NA,NA
"286",70,7,"Htr_liv","none","dense",NA,3.734,0.106,0.0283877878950187,0.805034815211569,NA,NA
"287",70,9,"Usn","none","",NA,NA,NA,NA,NA,NA,NA
"288",70,12,"Pmo_ret","none","dense",NA,1.294,0.168,0.129829984544049,0.808346213292117,NA,NA
"289",70,14,"Pun","none","dense",NA,5.324,NA,NA,0.896318557475582,NA,NA
"290",70,15,"Pmo_sub","none","dense",NA,5.346,NA,NA,1.26187803965582,NA,NA
"291",70,16,"Fla_cap","none","sparse",NA,2.1,NA,NA,NA,NA,NA
"292",70,18,"Pmo_sub","none","dense",NA,15.9,NA,NA,1.30188679245283,NA,NA
"293",70,19,"Pmo_sub","none","dense",NA,11.2,NA,NA,1.29464285714286,NA,NA
"294",70,21,"Fla_cap","none","sparse",NA,3,NA,NA,0.933333333333333,NA,NA
"295",70,22,"Fla_cap","none","sparse",NA,4.092,NA,NA,0.586021505376344,NA,NA
"296",70,23,"Pmo_sub","none","dense",NA,23.3,NA,NA,1.15021459227468,NA,NA
"297",70,24,"Pmo_sub","none","dense",NA,4.5,NA,NA,0.955555555555556,NA,NA
"298",71,2,"Pmo_ret","none","sparse",NA,9.626,NA,NA,0.8236027425722,NA,NA
"299",71,3,"Pmo_ret","few","dense",NA,37.8,NA,NA,1.11111111111111,NA,NA
"300",71,4,"Fla_cap","several","sparse",NA,11.8,NA,NA,1,NA,NA
"301",71,5,"Fla_cap","none","sparse",NA,1.4,NA,NA,1.15285714285714,NA,NA
"302",71,6,"Fla_cap","none","sparse",NA,10.6,NA,NA,0.981132075471698,NA,NA
"303",71,8,"Fla_cap","several","sparse",NA,59.1,NA,NA,0.702199661590524,NA,NA
"304",71,11,"Pmo_ret","none","dense",NA,4.5,NA,NA,1.13333333333333,NA,NA
"305",71,13,"Fla_cap","few","sparse",NA,34.2,NA,NA,0.769005847953216,NA,NA
"306",71,15,"Fla_cap","few","sparse",NA,54.4,NA,NA,1.14338235294118,NA,NA
"307",71,17,"Fla_cap","none","sparse",NA,20.4,NA,NA,0.936274509803922,NA,NA
"308",71,18,"Pun_rud","few","dense",NA,8.2,NA,NA,0.987804878048781,NA,NA
"309",71,19,"Pun","none","sparse",NA,4.116,NA,NA,0.91642371234208,NA,NA
"310",71,21,"Pmo_sui","several","dense",NA,13.2,1.033,0.0782575757575758,0.818181818181818,NA,NA
"311",71,22,"Pun_rud","few","sparse",NA,7.4,NA,NA,0.945945945945946,NA,NA
"312",71,24,"Fla_cap","few","sparse",NA,26.6,NA,NA,0.943609022556391,NA,NA
"313",72,3,"Fla_cap","none","sparse",NA,9.1,NA,NA,1.30769230769231,NA,NA
"314",72,5,"Fla_cap","few","sparse",NA,33.3,NA,NA,1.11711711711712,NA,NA
"315",72,6,"Fla_cap","few","sparse",NA,3.838,NA,NA,1.09067222511725,NA,NA
"316",72,7,"Pmo_ret","few","dense",NA,17.9,NA,NA,0.58659217877095,NA,NA
"317",72,9,"Fla_cap","several","sparse",NA,23.9,NA,NA,1.15062761506276,NA,NA
"318",72,10,"Fla_cap","several","dense",NA,9.21,NA,NA,4.16829533116178,NA,NA
"319",72,11,"Pmo_ret","few","dense",NA,12.2,NA,NA,1.0327868852459,NA,NA
"320",72,13,"Fla_cap","several","dense",NA,121.7,NA,NA,0.861955628594905,NA,NA
"321",72,14,"Pmo_ret","none","dense",NA,0.696,NA,NA,1.09195402298851,NA,NA
"322",72,15,"Fla_cap","few","sparse",NA,11.5,NA,NA,1.21739130434783,NA,NA
"323",72,19,"Fla_cap","few","dense",NA,18.6,NA,NA,1.06989247311828,NA,NA
"324",72,22,"Fla_cap","several","sparse",NA,16.1,NA,NA,1.08074534161491,NA,NA
"325",72,23,"Fla_cap","few","dense",NA,61.2,NA,NA,1.09640522875817,NA,NA
"326",37,2,"Pun_rud","several","sparse",0.03,23.438,1.979,0.0844355320419831,0.48596296612339,256.7,54.4
"327",37,3,"Pun_rud","many","sparse",0.04,69.212,2.836,0.0409755533722476,0.359012887938508,553.866666666667,87.1
"328",37,6,"Fla_cap","few","sparse",0.05,4.26,0.442,0.103755868544601,0.572769953051643,420.833333333333,42.5
"329",37,7,"Htr_liv","none","dense",0.03,4.43,0.453,0.102257336343115,0.798194130925508,306,127.5
"330",37,8,"Pun_rud","many","sparse",0.03,35.3,2.391,0.0677337110481586,0.787535410764873,441.666666666667,77.5
"331",37,11,"Fla_cap","few","sparse",0.02,100.632,7.186,0.0714086970347404,0.431453215676922,406.866666666667,137.7
"332",37,12,"Pun_rud","many","sparse",0.02,69.1,2.71,0.0392185238784371,1.02170767004342,699.033333333333,100.5
"333",37,14,"Pmo_ret","several","sparse",0.16,19.4,1.689,0.0870618556701031,0.536082474226804,265,20
"334",37,15,"Pun_rud","several","sparse",0.04,33.1,2.444,0.0738368580060423,0.827794561933535,357.566666666667,56.1
"335",37,16,"Pun_rud","several","dense",0.06,38.4,2.337,0.060859375,1.19791666666667,285.033333333333,192.1
"336",37,18,"Pmo_ret","several","dense",0.05,10.122,1.066,0.105315155107686,0.604228413357044,257.833333333333,132.6
"337",37,19,"Pmo_ret","none","dense",0.11,6.526,0.848,0.129941771376034,0.91357646337726,235.833333333333,35
"338",37,22,"Can_car","several","sparse",0.05,20.9,1.521,0.0727751196172249,1.17703349282297,240.833333333333,37.5
"339",37,23,"Pmo","none","dense",0.08,9.6,0.8213,0.0855520833333333,1.13541666666667,340,54.4
"340",37,24,"Phy_mil","many","dense",0.04,4.17,0.537,0.128776978417266,0.994244604316547,212.5,40
"341",38,1,"Phy_mil","several","sparse",0.04,1.972,0.272,0.137931034482759,1.00101419878296,197.5,102.5
"342",38,4,"Fla_cap","few","sparse",0.06,117.5,2.375,0.0202127659574468,1.20085106382979,246.5,62.9
"343",38,5,"Pun_rud","several","sparse",0.04,9.7,0.918,0.094639175257732,1.07216494845361,498.033333333333,100.5
"344",38,14,"Pun_rud","several","sparse",0.03,14.8,1.513,0.10222972972973,0.918918918918919,357.266666666667,60.3
"345",38,17,"Pun","none","sparse",0.03,0.432,0.055,0.127314814814815,0.703703703703704,318.466666666667,102
"346",38,18,"Pun","none","sparse",0.01,1.35,0.182,0.134814814814815,0.668148148148148,320,45
"347",39,4,"Pun_rud","few","sparse",0.03,21.4,2.236,0.104485981308411,1.3411214953271,393.333333333333,65
"348",39,9,"Pun_rud","few","sparse",0.05,14,1.032,0.0737142857142857,0.635714285714286,374,98.6
"349",39,12,"Pun_rud","several","sparse",0.07,7.46,0.682,0.0914209115281501,0.881233243967829,322.433333333333,56.1
"350",39,13,"Pps_min","few","sparse",0.02,10.3,1.499,0.145533980582524,1.1747572815534,506.966666666667,80.4
"351",39,14,"Pmo_hyp","few","dense",NA,0.266,0.035,0.131578947368421,0.962406015037594,232.5,57.5
"352",39,5,"Pun_rud","few","sparse",0.04,24.478,1.843,0.0752920990276983,0.533376909878258,248.2,57.8
"353",39,17,"Can_car","several","sparse",0.05,59.34,5.328,0.0897876643073812,0.576306033029997,288.333333333333,37.5
"354",39,18,"Pmo_hyp","several","dense",0.06,54.638,4.411,0.0807313591273473,0.423478165379406,227.5,25
"355",39,19,"Pun_rud","several","sparse",0.03,35.9,1.903,0.053008356545961,0.824512534818942,463.333333333333,55
"356",39,20,"Pun_rud","several","sparse",0.05,34.1,1.984,0.0581818181818182,0.909090909090909,543.333333333333,67.5
"357",39,21,"Can_car","many","sparse",0.03,38.9,2.753,0.0707712082262211,1.19280205655527,676.7,107.2
"358",39,22,"Pun_rud","few","sparse",0.02,24.6,1.612,0.0655284552845528,0.934959349593496,265.2,28.9
"359",39,23,"Pyx_sub","several","dense",0.04,18.1,1.013,0.0559668508287293,1.19889502762431,421.033333333333,79.9
"360",39,24,"Pyx_sub","many","dense",0.04,29.95,0.846,0.0282470784641068,0.865308848080134,387.5,90
"361",40,1,"Pun_rud","few","sparse",0.03,5.698,0.377,0.0661635661635662,0.739206739206739,369.466666666667,108.8
"362",40,4,"Pmo_ret","few","dense",0.04,19.1,1.468,0.0768586387434555,0.722513089005235,326.4,76.5
"363",40,6,"Pun_rud","few","sparse",0.03,2.89,0.281,0.0972318339100346,0.947404844290657,366.633333333333,158.1
"364",40,7,"Htr_liv","few","dense",0.06,32.1,2.051,0.0638940809968847,1.25233644859813,342.266666666667,119
"365",40,8,"Pmo_ret","few","dense",0.03,13.7,1.383,0.100948905109489,1.00729927007299,1520.9,154.1
"366",40,11,"Pmo","none","dense",0.04,9.2,1.231,0.133804347826087,1.20652173913044,205.7,34
"367",40,12,"Pmo","none","dense",0.03,0.158,0.031,0.19620253164557,1.78481012658228,151.666666666667,37.5
"368",40,16,"Pun","none","sparse",0.02,0.774,0.099,0.127906976744186,0.708010335917313,285,45
"369",40,20,"Pun_rud","several","sparse",0.03,18.5,2.231,0.120594594594595,0.924324324324324,366.633333333333,61.2
"370",41,1,"Fla_cap","none","sparse",0.03,5.278,0.689,0.130541871921182,0.70481242895036,370.833333333333,40
"371",41,4,"Pmo_hyp","few","sparse",0.05,7.314,0.69,0.0943396226415094,1.021602406344,240,45
"372",41,7,"Can_car","few","sparse",0.02,8.424,0.724,0.0859449192782526,0.792497625830959,348.333333333333,30
"373",41,8,"Pun","none","dense",0.07,1.702,0.247,0.145123384253819,0.927144535840188,318.333333333333,52.5
"374",41,9,"Can_car","few","dense",0.06,37.1,3.787,0.102075471698113,0.997304582210242,343.966666666667,59.5
"375",41,10,"Pun_rud","few","sparse",0.03,5.07,0.628,0.123865877712032,0.890335305719921,237.5,50
"376",41,11,"Pun_rud","none","sparse",0.03,11.1,1.014,0.0913513513513514,0.990990990990991,536,60.3
"377",41,17,"Pmo_ret","none","dense",0.08,15.7,1.69,0.107643312101911,1.04458598726115,319.033333333333,52.7
"378",41,18,"Pmo","few","sparse",0.07,6.112,0.69,0.112892670157068,0.809227748691099,245.366666666667,69.7
"379",41,19,"Pun_rud","several","sparse",0.03,27.17,1.64,0.0603606919396393,0.38836952521163,554.166666666667,65
"380",41,21,"Pun_rud","few","sparse",0.04,28.286,2.409,0.0851658064059959,0.467722548257088,321.3,76.5
"381",41,22,"Pun_rud","none","dense",0.04,21.6,2.197,0.101712962962963,0.671296296296296,500.266666666667,174.2
"382",42,1,"Pun_rud","several","sparse",0.03,24.208,1.665,0.0687789160608064,0.394001982815598,416.666666666667,65
"383",42,2,"Pun_rud","none","sparse",0.04,11.1,1.145,0.103153153153153,0.765765765765766,391.566666666667,44.2
"384",42,3,"Pun_rud","few","sparse",0.05,31.2,1.818,0.0582692307692308,0.907051282051282,409.133333333333,51
"385",42,4,"Pun_rud","few","sparse",0.06,6.6,0.925,0.140151515151515,1.01515151515152,1036.26666666667,44.2
"386",42,5,"Can_cro","none","dense",0.05,4.372,0.651,0.148902104300091,0.880146386093321,235.833333333333,75
"387",42,6,"Pmo","few","dense",0.04,17.7,1.928,0.108926553672316,0.926553672316384,362.1,35.7
"388",42,7,"Pun_rud","several","sparse",0.02,10.428,0.738,0.070771001150748,0.81837360951285,368.9,64.6
"389",42,9,"Pmo_ult","several","sparse",0.1,8.184,0.859,0.104960899315738,0.860215053763441,359.166666666667,65
"390",42,13,"Pmo","few","dense",0.06,21.1,1.834,0.0869194312796208,0.180094786729858,244.166666666667,32.5
"391",42,14,"Pun_rud","few","sparse",0.03,7.726,0.795,0.102899301061351,0.872378980067305,405,70
"392",42,17,"Pmo_ret","few","dense",0.09,18.7,1.662,0.0888770053475936,0.748663101604278,213.633333333333,49.3
"393",42,18,"Pun_rud","several","sparse",0.04,10.5,1.562,0.148761904761905,0.914285714285714,304.866666666667,56.1
"394",42,20,"Pun_rud","several","sparse",0.05,6.41,0.482,0.075195007800312,0.701404056162247,355.3,115.6
"395",42,21,"Pun_rud","several","sparse",0.02,47.3,2.405,0.050845665961945,0.228329809725159,370.033333333333,64.6
"396",42,22,"Pmo_sui","none","dense",0.05,6.696,0.767,0.114545997610514,0.857228195937873,196.633333333333,30.6
"397",25,4,"Fla_cap","several","sparse",0.06,30.7,2.697,0.0878501628664495,0.863192182410424,345.666666666667,79.9
"398",25,8,"Fla_cap","few","sparse",0.05,38.628,2.978,0.0770943357150254,0.48482965724345,328.666666666667,159.8
"399",25,9,"Phy_mil","none","sparse",NA,NA,NA,NA,NA,NA,NA
"400",25,16,"Pmo_sub","none","sparse",0.05,21.648,NA,NA,0.915373244641537,260,27.5
"401",26,13,"Pmo_sub","none","dense",0.02,31.5,2.93,0.093015873015873,1.59047619047619,270.866666666667,28.9
"402",26,14,"Pmo_sub","none","dense",0.05,33.704,2.786,0.0826608117730833,0.443211488250653,259.166666666667,27.5
"403",27,9,"Phy_mil","few","sparse",NA,NA,0.003,NA,NA,NA,NA
"404",27,20,"Phy_ame","few","sparse",NA,3.608,0.417,0.115576496674058,1.0410199556541,NA,NA
"405",28,12,"","none","dense",NA,2.262,0.03,0.013262599469496,0.864721485411141,NA,NA
"406",29,15,"Pmo_sp1","none","dense",0.03,18.8,1.468,0.0780851063829787,1.05851063829787,534.366666666667,88.4
"407",29,20,"Pmo_sub","none","dense",0.03,4.7,0.471,0.100212765957447,1.1063829787234,256.7,59.5
"408",19,1,"Fla_cap","none","sparse",0.03,1.816,0.328,0.180616740088106,1.12114537444934,273.333333333333,30
"409",19,4,"Fla_cap","none","sparse",0.02,9.7,0.93,0.0958762886597938,1.05154639175258,289.166666666667,20
"410",19,5,"Pmo","few","dense",0.04,NA,0.314,NA,NA,297.5,59.5
"411",19,8,"Pmo_hyp","several","sparse",0.1,7.312,0.78,0.106673960612691,1.12554704595186,389.166666666667,47.5
"412",19,9,"Htr","none","dense",0.03,0.872,0.184,0.211009174311927,1.11238532110092,296.366666666667,105.4
"413",19,11,"Usn","several","none",NA,12.1,0.283,0.0233884297520661,0.760330578512397,2406.66666666667,190
"414",19,12,"Pun_rud","few","sparse",0.04,6.498,0.553,0.085103108648815,0.938442597722376,320,45
"415",19,16,"Pun_rud","few","sparse",0.02,6.256,0.645,0.103101023017903,0.914641943734015,475.7,93.8
"416",19,17,"Htr_liv","none","dense",0.03,1.662,0.171,0.102888086642599,0.853188929001203,225.833333333333,22.5
"417",19,18,"Fla_cap","none","sparse",0.03,2.046,0.328,0.160312805474096,0.918866080156403,369.166666666667,35
"418",19,23,"Pun","none","dense",0.03,0.562,0.07,0.124555160142349,1.37722419928826,347.366666666667,100.3
"419",19,20,"Fla_cap","none","sparse",0.03,13.7,1.74,0.127007299270073,1.13868613138686,491.866666666667,125.8
"420",19,24,"Pun","none","dense",0.04,0.148,0.074,0.5,1.95945945945946,466.766666666667,174.2
"421",20,2,"Pun_rud","few","sparse",0.05,4.36,1.062,0.243577981651376,0.942201834862385,384.166666666667,70
"422",20,3,"Fla_cap","none","sparse",0.04,7.8,1.091,0.139871794871795,1.21794871794872,354.733333333333,134.3
"423",20,5,"Pun_rud","few","sparse",0.02,4.27,0.46,0.107728337236534,0.916627634660422,471.233333333333,93.7
"424",20,5,"Pun_rud","few","sparse",0.02,4.27,0.46,0.107728337236534,0.916627634660422,471.233333333333,93.7
"425",20,6,"Pun_rud","many","sparse",0.03,37.976,2.027,0.0533758163050348,0.520749947335159,596.3,187.6
"426",20,7,"Pun_rud","several","dense",0.02,3.864,0.409,0.105848861283644,0.711697722567288,359.166666666667,65
"427",20,8,"Pmo_hyp","several","sparse",0.06,10.2,1.471,0.14421568627451,1.02941176470588,256.666666666667,40
"428",20,9,"Pmo_sui","several","dense",0.09,34.7,2.674,0.0770605187319885,1.0864553314121,565.033333333333,37.4
"429",20,10,"Pmo_ret","several","sparse",0.04,10.3,0.963,0.0934951456310679,0.825242718446602,298.066666666667,47.6
"430",20,11,"Pmo_ret","several","sparse",0.04,10.7,0.943,0.0881308411214953,0.663551401869159,949.166666666667,107.2
"431",20,12,"Pun_rud","few","sparse",0.04,14.3,1.495,0.104545454545455,0.902097902097902,332.066666666667,79.9
"432",20,15,"Pun_rud","several","sparse",0.05,7.588,0.63,0.0830258302583026,0.804955192409067,436.666666666667,67.5
"433",20,16,"Fla_cap","several","sparse",0.04,3.452,NA,NA,1.05619930475087,347.5,45
"434",20,18,"Pun","none","sparse",0.05,1.406,0.264,0.187766714082504,0.978662873399716,265.833333333333,57.5
"435",20,22,"Pyx_sub","none","sparse",0.02,1.066,0.131,0.122889305816135,1.20262664165103,329.166666666667,82.5
"436",20,24,"","none","dense",NA,NA,0.025,NA,NA,NA,NA
"437",21,1,"Fla_cap","none","sparse",0.02,1.468,0.243,0.165531335149864,0.598092643051771,290.7,83.3
"438",21,3,"Htr_liv","none","dense",0.03,14.5,0.868,0.0598620689655172,0.944827586206897,308.833333333333,127.5
"439",21,4,"Can_car","few","dense",0.01,11.992,1.434,0.119579719813209,0.760840560373582,285.033333333333,95.2
"440",21,5,"Pmo_ret","none","dense",0.07,3.5,0.497,0.142,3.37142857142857,303.333333333333,45
"441",21,7,"Pun_rud","few","sparse",0.02,0.584,0.086,0.147260273972603,0.931506849315068,222.7,56.1
"442",21,9,"Phy_mil","few","sparse",NA,0.092,0.016,0.173913043478261,1.19565217391304,NA,NA
"443",21,10,"Htr_liv","none","dense",0.1,20.6,1.184,0.0574757281553398,1.09708737864078,337.5,40
"444",21,11,"Htr_liv","none","dense",0.03,6.444,0.722,0.112042209807573,0.905648665425202,254.166666666667,37.5
"445",21,12,"Pun_rud","few","sparse",0.03,3.04,0.323,0.10625,0.905921052631579,303.166666666667,76.5
"446",21,13,"Pmo","none","dense",0.07,25.8,2.205,0.0854651162790698,1.38759689922481,343.4,54.4
"447",21,15,"Pun_rud","few","sparse",0.03,24.5,1.362,0.0555918367346939,0.795918367346939,1601.3,247.9
"448",21,17,"Htr_liv","none","dense",0.02,0.148,0.026,0.175675675675676,0.905405405405405,164.166666666667,25
"449",21,18,"Pun_rud","few","sparse",0.04,9.224,0.652,0.0706851691240243,0.872072853425846,609.7,113.9
"450",21,19,"Pun_rud","many","sparse",0.06,46.022,1.951,0.0423927686758507,0.352527052279345,406.866666666667,107.1
"451",21,20,"Pun_rud","several","sparse",0.03,7.244,0.722,0.0996686913307565,0.934842628382109,569.6,100.5
"452",21,21,"Fla_cap","none","sparse",0.03,1.022,0.207,0.202544031311155,0.870841487279843,181.333333333333,69.7
"453",21,22,"Pun_rud","several","sparse",0.03,14.1,1.141,0.0809219858156028,0.74468085106383,471.233333333333,53.6
"454",21,23,"Fla_cap","few","sparse",0.02,6.076,0.819,0.134792626728111,0.994404213298223,232.5,12.5
"455",21,24,"Can_car","none","dense",0.04,2.128,0.357,0.167763157894737,0.87593984962406,421.6,124.1
"456",22,1,"Pmo","none","dense",0.05,0.402,0.065,0.161691542288557,1.28358208955224,434.633333333333,243.1
"457",22,2,"Htr_liv","none","dense",0.13,0.654,0.088,0.134556574923547,0.932721712538226,206.666666666667,42.5
"458",22,4,"Can_car","none","sparse",0.07,2.944,0.493,0.167459239130435,0.936820652173913,383.633333333333,NA
"459",22,7,"Pun_rud","several","sparse",0.04,4.95,0.556,0.112323232323232,0.868282828282828,396.1,100.3
"460",22,10,"Pmo","none","dense",0.11,2.122,0.26,0.122525918944392,1.14891611687088,569.5,140.7
"461",22,11,"Fla_cap","none","dense",0.02,7.86,1.338,0.170229007633588,0.940712468193384,254.166666666667,22.5
"462",22,12,"Pun_rud","several","sparse",0.04,11.7,1.1008,0.0940854700854701,0.931623931623932,690.1,140.7
"463",22,15,"Pun_rud","few","sparse",0.06,10.644,1.09,0.102405110860579,0.594701240135287,370,67.5
"464",22,16,"Fla_cap","none","sparse",0.02,5.792,0.641,0.110669889502762,0.548342541436464,220.433333333333,98.6
"465",22,17,"Pmo","none","sparse",0.03,1.174,0.23,0.195911413969336,0.587734241908007,271.666666666667,65
"466",22,19,"","none","sparse",NA,0.146,0.023,0.157534246575342,0.712328767123288,NA,NA
"467",22,21,"Pmo_hyp","several","sparse",0.09,10.5,1.429,0.136095238095238,0.952380952380952,379.666666666667,52.7
"468",23,1,"Pun_rud","several","sparse",0.02,8.044,0.498,0.0619094977623073,0.89632023868722,424.166666666667,77.5
"469",23,3,"Pmo_hyp","few","dense",0.22,4.4,0.498,0.113181818181818,1,219.866666666667,39.1
"470",23,4,"Can","none","sparse",0.03,0.26,0.058,0.223076923076923,0.961538461538461,245.466666666667,130.9
"471",23,6,"Pun_rud","several","sparse",0.03,14.3,0.661,0.0462237762237762,0.965034965034965,466.933333333333,59.5
"472",23,7,"Pun_rud","few","sparse",0.03,9.188,0.784,0.0853286895951241,0.792120156726165,388.333333333333,57.5
"473",23,8,"Usn_str","several","none",0.13,29.8,0.777,0.0260738255033557,0.973154362416107,1946.66666666667,100
"474",23,11,"Pun_rud","several","sparse",0.04,10.392,1.014,0.0975750577367206,0.590454195535027,439.966666666667,73.7
"475",23,12,"Pun_rud","several","sparse",0.03,4.738,0.411,0.0867454622203461,0.750527648796961,299.2,93.5
"476",23,13,"Pun_rud","several","sparse",0.05,17.3,1.293,0.0747398843930636,1.01156069364162,620.866666666667,107.2
"477",23,17,"Pun_rud","several","sparse",0.1,4.252,0.246,0.0578551269990593,0.669802445907808,372.5,62.5
"478",23,18,"Can_car","several","dense",0.04,4.944,0.36,0.0728155339805825,0.253640776699029,422.166666666667,173.4
"479",23,19,"Pun_rud","few","sparse",0.03,2.126,0.194,0.0912511759172154,0.994355597365946,229.5,124.1
"480",23,20,"Fla_cap","none","sparse",0.06,2.7,0.449,0.166296296296296,1.37037037037037,396.666666666667,86.7
"481",23,22,"Pun_rud","several","sparse",0.04,3.252,0.266,0.0817958179581796,0.790282902829028,324.166666666667,70
"482",23,23,"Pun_rud","several","sparse",0.05,6.53,0.564,0.0863705972434916,0.856049004594181,414.166666666667,72.5
"483",23,24,"Pun","none","sparse",0.02,1.272,0.178,0.139937106918239,0.764150943396227,390.433333333333,79.9
"484",24,1,"","few","sparse",NA,NA,0.226,NA,NA,NA,NA
"485",24,2,"Pmo","none","dense",0.09,1.446,0.241,0.166666666666667,0.795297372060858,137.5,30
"486",24,3,"Pun_rud","several","sparse",0.02,3.1,0.343,0.110645161290323,0.945161290322581,251.666666666667,55
"487",24,5,"Pmo","none","dense",0.06,4.326,0.443,0.102404068423486,0.764678687008784,210,20
"488",24,6,"Pmo","none","dense",0.09,4.016,0.488,0.121513944223108,0.924302788844621,252.5,55
"489",24,7,"Pmo_ret","few","dense",0.15,6.02,0.507,0.08421926910299,0.827242524916944,291.666666666667,32.5
"490",24,8,"Pmo_hyp","none","dense",0.04,17.51,1.615,0.0922330097087379,0.514905768132496,393.266666666667,59.5
"491",24,9,"Usn","none","none",NA,2.042,0.158,0.0773751224289912,1.29382957884427,966.666666666667,85
"492",24,11,"Pmo_ret","few","dense",0.07,2.624,0.314,0.119664634146341,0.980182926829268,386.466666666667,124.1
"493",24,13,"Pmo","none","dense",0.1,0.726,0.109,0.150137741046832,1.22314049586777,266.9,61.2
"494",24,17,"Pun_rud","several","sparse",0.03,14.2,0.923,0.065,0.922535211267606,349.066666666667,86.7
"495",24,18,"Htr_liv","none","dense",0.06,2.27,0.175,0.0770925110132158,0.551541850220264,240.833333333333,20
"496",24,22,"Fla_cap","none","sparse",0.03,5.234,0.641,0.122468475353458,0.705769965609477,390,50
"497",24,24,"","","",NA,NA,NA,NA,NA,NA,NA
"498",31,17,"Phy","none","sparse",0.01,1.042,0.142,0.136276391554702,1.14203454894434,611.933333333333,160.8
"499",31,18,"","","",NA,NA,NA,NA,NA,NA,NA
"500",31,21,"Usn_str","few","none",0.23,51.1,1.354,0.0264970645792564,1.19373776908023,1523.13333333333,234.5
"501",32,4,"Can_car","several","sparse",0.03,22.082,1.463,0.0662530567883344,0.541889321619419,398.366666666667,88.4
"502",32,11,"Pun_rud","few","dense",0.03,14.3,1.445,0.101048951048951,0.909090909090909,349.066666666667,81.6
"503",32,12,"Pun_rud","several","sparse",0.05,4.592,2.329,0.507186411149826,0.884146341463415,308.266666666667,96.9
"504",32,13,"Can_car","few","sparse",0.02,2.01,0.407,0.202487562189055,0.501492537313433,247.633333333333,74.8
"505",32,14,"Mye_obs","few","dense",0.04,1.732,0.254,0.146651270207852,0.984988452655889,308.266666666667,98.6
"506",32,15,"Can_car","many","sparse",0.02,30.742,2.317,0.075369201743543,0.490729295426452,489.033333333333,146.2
"507",32,23,"Pun_rud","none","sparse",0.02,1.716,0.192,0.111888111888112,0.673659673659674,314.5,59.5
"508",33,1,"Can_car","many","dense",0.03,67.5,NA,NA,0.645925925925926,413.333333333333,37.5
"509",33,2,"Pyx_sub","several","sparse",0.03,7.578,0.57,0.0752177355502771,0.661916072842438,349.166666666667,62.5
"510",33,6,"Can_car","several","sparse",0.03,19.8,1.356,0.0684848484848485,1.37878787878788,285,22.5
"511",33,8,"Pps_min","few","dense",0.03,1.588,0.293,0.184508816120907,1.19269521410579,170,15
"512",33,9,"Pun_rud","several","sparse",0.03,50.1,2.773,0.0553493013972056,1,303.333333333333,57.5
"513",33,13,"Pun_rud","few","sparse",0.07,23.15,2.191,0.0946436285097192,0.357840172786177,266.333333333333,34
"514",33,17,"Pmo","none","dense",0.12,2.138,0.334,0.15622076707203,0.673526660430309,213.633333333333,59.5
"515",33,19,"Pun","none","sparse",0.02,0.674,0.109,0.161721068249258,1.07715133531157,259.166666666667,42.5
"516",34,8,"Pmo_sub","none","sparse",0.03,NA,0.691,NA,NA,280.833333333333,27.5
"517",34,11,"Pun_rud","none","sparse",0.03,3.4,0.518,0.152352941176471,0.941176470588235,316.766666666667,61.2
"518",34,15,"Pmo","none","dense",0.04,4.458,0.627,0.14064602960969,1.05877074921489,194.933333333333,112.2
"519",34,16,"Pun_rud","few","sparse",0.04,2.61,0.386,0.147892720306513,1.00229885057471,427.833333333333,156.4
"520",34,17,"Fol","none","sparse",NA,0.136,0.026,0.191176470588235,0.735294117647059,NA,NA
"521",34,21,"Pun","none","sparse",0.01,1.018,0.084,0.0825147347740668,0.730844793713163,329.166666666667,27.5
"522",35,6,"Pun","none","sparse",0.02,1.6,0.263,0.164375,0.6875,353.033333333333,44.2
"523",35,7,"Can_car","none","sparse",0.02,0.534,0.321,0.601123595505618,1.25468164794007,231.766666666667,40.8
"524",35,14,"Pun_rud","few","sparse",0.05,13.4,1.688,0.125970149253731,1.02238805970149,324.7,49.3
"525",35,15,"Can_car","few","sparse",0.02,2.594,0.381,0.146877409406322,0.851966075558983,427.833333333333,156.4
"526",35,16,"Pmo","none","sparse",0.05,20.1,1.878,0.0934328358208955,1.45273631840796,404.6,47.6
"527",35,17,"Fla_cap","several","sparse",0.04,9.092,1.12,0.123185217773867,0.762648482182138,331.5,93.5
"528",35,18,"Pun_rud","several","sparse",0.05,20.1,1.726,0.0858706467661692,1.04477611940298,531.533333333333,69.7
"529",36,5,"Pun_rud","none","sparse",0.02,3.218,0.4065,0.126320696084525,0.978247358607831,306.666666666667,57.5
"530",36,9,"Usn_sp1","few","none",0.27,35.5,1.667,0.0469577464788732,1.00281690140845,2112.73333333333,314.9
"531",36,13,"Pmo_sui","few","sparse",0.02,2.8,0.474,0.169285714285714,1.17857142857143,304.866666666667,39.1
"532",36,24,"Pun_rud","none","sparse",0.04,8.066,0.795,0.0985618646169105,0.792710141333995,455.6,73.7
"533",61,7,"Mye","none","dense",0.03,0.158,0.032,0.20253164556962,1.08860759493671,323.566666666667,49.3
"534",61,9,"Fla_cap","few","sparse",0.03,8.142,0.709,0.0870793416850897,0.547040039302383,374.566666666667,86.7
"535",61,13,"Fla_cap","few","sparse",0.04,43.3,2.965,0.0684757505773672,1.05773672055427,441.666666666667,42.5
"536",61,17,"Can_car","several","sparse",0.03,13.8,1.399,0.101376811594203,0.94927536231884,359.266666666667,181.9
"537",61,21,"Can_car","several","sparse",0.03,7.308,0.699,0.0956486042692939,0.794471811713191,325.266666666667,64.6
"538",61,22,"Fla_cap","none","sparse",0.02,2.908,NA,NA,0.905089408528198,377.4,142.8
"539",62,3,"","none","sparse",NA,NA,6.025,NA,NA,NA,NA
"540",62,6,"Usn_str","none","none",NA,570.1,12.277,0.021534818452903,1.04192246974215,1740,380
"541",62,14,"Htr_liv","none","dense",0.08,46.9,1.994,0.0425159914712154,1.18976545842218,388.733333333333,62.9
"542",62,15,"Htr_liv","none","dense",0.07,50.1,1.592,0.0317764471057884,1.187624750499,719.133333333333,368.5
"543",62,16,"Htr_liv","none","dense",0.04,3.542,3.588,1.01298701298701,1.21852060982496,913.433333333333,23.8
"544",62,20,"Htr_liv","none","dense",0.08,27.4,1.633,0.0595985401459854,0.905109489051095,289,76.5
"545",63,9,"Can_car","many","sparse",0.02,7.514,0.492,0.0654777748203354,1.04258717061485,498.666666666667,212.5
"546",63,13,"Can_car","several","sparse",0.02,2.362,0.294,0.124470787468247,1.13801862828112,397.5,25
"547",63,15,"Pmo","none","sparse",0.04,0.274,0.053,0.193430656934307,0.956204379562044,204.566666666667,49.3
"548",64,1,"Can_car","several","sparse",0.02,13.4,1.447,0.107985074626866,1.29850746268657,286.733333333333,42.5
"549",64,5,"Can_car","few","sparse",0.02,2.008,0.257,0.127988047808765,0.971115537848606,380.833333333333,50
"550",64,9,"Fla_cap","none","sparse",0.03,2.44,0.309,0.126639344262295,1.03114754098361,241.666666666667,25
"551",64,14,"Can_car","many","sparse",0.03,16.7,1.38,0.0826347305389221,1.20958083832335,556.1,100.5
"552",64,19,"Pun_rud","few","sparse",0.02,2.154,0.301,0.139740018570102,1.11792014856082,309.166666666667,60
"553",64,22,"Fla_cap","none","sparse",0.02,1.268,0.324,0.255520504731861,0.829652996845426,210,17.5
"554",64,23,"Htr_liv","none","dense",0.05,2.946,0.472,0.160217243720299,0.870332654446707,294.1,171.7
"555",65,1,"Pun","none","sparse",0.04,1.362,0.234,0.171806167400881,0.853157121879589,327.533333333333,47.6
"556",65,2,"Can_car","few","dense",0.03,3.2,0.441,0.1378125,1.78125,260.833333333333,47.5
"557",65,5,"Can_car","several","sparse",0.08,9.3,1.038,0.111612903225806,1.04301075268817,460.066666666667,53.6
"558",65,9,"Can_car","many","dense",0.03,7.792,0.496,0.0636550308008214,0.870379876796715,385.833333333333,40
"559",65,10,"Can_car","many","dense",0.04,15.5,0.788,0.0508387096774194,0.6,380.233333333333,110.5
"560",65,11,"Can_car","many","sparse",0.03,34.1,3.067,0.089941348973607,1,306.566666666667,47.6
"561",65,13,"Can_car","many","sparse",0.03,5.55,0.245,0.0441441441441441,0.97981981981982,393.333333333333,37.5
"562",65,14,"Can_car","few","sparse",0.03,3.836,0.422,0.110010427528676,1.0599582898853,368.333333333333,62.9
"563",65,17,"Pun_rud","several","sparse",0.04,15.8,1.626,0.102911392405063,0.613924050632911,696.8,100.5
"564",65,21,"Can_car","many","sparse",0.04,5.384,0.512,0.0950965824665676,0.897845468053492,402,140.7
"565",65,22,"Pps_min","many","sparse",0.02,3.1,0.273,0.0880645161290323,0.967741935483871,397.533333333333,46.9
"566",66,1,"Can_car","several","sparse",0.03,12.8,1.218,0.09515625,1.078125,338.866666666667,52.7
"567",66,1,"Can_car","several","sparse",0.03,12.8,1.218,0.09515625,1.078125,338.866666666667,52.7
"568",66,2,"Can_car","several","sparse",0.02,5.316,0.588,0.110609480812641,1.03912716328066,346.233333333333,91.8
"569",66,3,"Pun_rud","few","dense",0.03,1.218,0.139,0.114121510673235,0.839080459770115,325.833333333333,55
"570",66,7,"Can_car","several","sparse",0.03,4.706,0.272,0.0577985550361241,0.994900127496812,286.166666666667,23.8
"571",66,8,"Htr_liv","none","dense",0.02,3.98,0.284,0.071356783919598,0.874874371859296,254.166666666667,37.5
"572",66,11,"Can_car","many","sparse",0.05,13.9,0.875,0.0629496402877698,1.10791366906475,933.533333333333,107.2
"573",66,14,"Pun_rud","several","sparse",0.03,5.846,0.523,0.0894628806021211,0.826548067054396,475.833333333333,67.5
"574",66,15,"Can_car","many","sparse",0.03,35.1,1.234,0.0351566951566952,1.45868945868946,369.466666666667,71.4
"575",66,18,"Pun_rud","few","dense",0.04,23.2,1.585,0.0683189655172414,0.737068965517241,542.7,80.4
"576",66,19,"Pun_rud","several","sparse",0.03,7.154,0.553,0.0772994129158513,0.883980989656136,385,67.5
"577",66,20,"Can_car","many","sparse",0.04,29,0.776,0.0267586206896552,1.17586206896552,511.433333333333,73.7
"578",66,21,"Pun_rud","few","dense",0.04,1.602,0.229,0.14294631710362,0.907615480649188,292.5,37.5
"579",66,22,"Pun_rud","few","sparse",0.07,2.428,0.263,0.10831960461285,0.593080724876441,283.333333333333,42.5
"580",66,23,"Pun","none","dense",0.04,2.236,0.309,0.138193202146691,0.811270125223613,285.033333333333,61.2
"581",43,2,"Pyx_sub","several","sparse",0.02,4.364,0.345,0.0790559120073327,0.957836846929423,289.166666666667,60
"582",43,3,"Pun_rud","few","sparse",0.02,3.96,0.43,0.108585858585859,0.739393939393939,331.5,100.3
"583",43,9,"Usn_sp1","few","none",0.23,168.9,3.783,0.0223978685612789,0.975133214920071,1545.46666666667,87.1
"584",43,10,"Pun_rud","few","sparse",0.02,1.532,0.201,0.131201044386423,0.926892950391645,290.133333333333,90.1
"585",43,13,"Pun_rud","few","sparse",0.03,2.104,0.252,0.119771863117871,0.993346007604563,267.466666666667,112.2
"586",43,14,"Pun_rud","few","sparse",0.02,2.398,0.234,0.097581317764804,0.819849874895746,331.666666666667,65
"587",43,15,"Pun_rud","few","sparse",0.03,27.6,0.511,0.0185144927536232,1.10869565217391,261.233333333333,47.4
"588",43,17,"Pun_rud","few","sparse",0.06,11.6,1.085,0.0935344827586207,0.413793103448276,419.9,100.3
"589",43,18,"Usn_sp1","few","none",NA,46.5,2.861,0.0615268817204301,1.23655913978495,1205,82.5
"590",43,19,"Fla_cap","none","sparse",0.04,6.442,0.969,0.150419124495498,0.844768705371003,304.166666666667,32.5
"591",43,21,"Pun_rud","several","sparse",0.03,6.38,0.685,0.107366771159875,0.774921630094044,336.6,83.3
"592",43,22,"Pun_rud","many","sparse",0.03,9.3,0.73,0.078494623655914,0.67741935483871,364.366666666667,76.5
"593",43,23,"Pun_rud","few","sparse",0.02,5.722,0.718,0.125480601188396,1.04264243271583,391.666666666667,50
"594",44,1,"Pmo_hyp","few","sparse",0.03,2.454,0.543,0.221271393643032,0.963325183374083,300.333333333333,120.7
"595",44,2,"Pmo","none","dense",0.04,0.532,0.112,0.210526315789474,1.04887218045113,339.166666666667,30
"596",44,3,"Pun_rud","many","sparse",NA,2.22,0.241,0.108558558558559,0.441441441441441,NA,NA
"597",44,4,"Pun_rud","several","sparse",0.02,8.102,0.627,0.0773882991853863,0.987410515921995,357.566666666667,64.6
"598",44,5,"Pmo_hyp","none","sparse",0.06,1.198,0.464,0.387312186978297,1.13021702838063,212.5,49.3
"599",44,6,"Pmo","none","sparse",0.04,3.072,0.555,0.1806640625,0.930338541666667,328.666666666667,96.9
"600",44,8,"Pun_rud","few","sparse",0.02,4.16,0.33,0.0793269230769231,0.882692307692308,401.666666666667,42.5
"601",44,9,"Pmo_hyp","none","sparse",0.04,0.72,0.175,0.243055555555556,0.783333333333333,273.333333333333,17.5
"602",44,10,"Pmo_hyp","several","sparse",0.11,2.4,0.308,0.128333333333333,0.983333333333333,275.833333333333,27.5
"603",44,14,"Pmo_hyp","few","sparse",0.2,5.862,0.954,0.162743091095189,1.03207096554077,403.466666666667,139.4
"604",44,18,"Pun_rud","few","sparse",NA,0.824,0.113,0.137135922330097,0.866504854368932,NA,NA
"605",44,19,"Pun_rud","few","sparse",NA,1.558,0.159,0.102053915275995,0.874197689345314,NA,NA
"606",44,24,"Pun","none","sparse",0.02,0.154,0.019,0.123376623376623,0.857142857142857,275.833333333333,50
"607",45,8,"Fla_cap","none","sparse",0.02,2.77,0.511,0.184476534296029,0.924187725631769,245.833333333333,32.5
"608",45,14,"Fla_cap","none","sparse",0.03,2.098,0.285,0.135843660629171,0.760724499523356,233.333333333333,32.5
"609",45,16,"Pmo","none","sparse",0.05,4.5,0.626,0.139111111111111,1.48888888888889,260,37.5
"610",45,20,"Pmo_sub","none","dense",0.01,0.722,0.159,0.220221606648199,0.75623268698061,227.5,50
"611",47,2,"Fla_cap","none","sparse",0.02,8.526,1.118,0.131128313394323,1.16162326999765,375.833333333333,10
"612",47,5,"Pmo_ret","none","dense",0.05,4.03,0.546,0.135483870967742,0.754342431761787,216.666666666667,45
"613",47,6,"Fla_cap","none","sparse",0.03,5.882,0.674,0.114586875212513,0.892213532811969,352.5,30
"614",47,7,"Fla_cap","none","sparse",0.04,5.24,0.585,0.111641221374046,0.910687022900763,330,35
"615",47,11,"Pun_rud","few","sparse",0.02,3.822,0.497,0.13003663003663,0.76138147566719,273.333333333333,60
"616",47,12,"Pun","none","sparse",0.05,1.39,0.194,0.139568345323741,0.905035971223022,219.866666666667,81.6
"617",47,14,"Pmo_sub","none","dense",0.03,11.4,0.973,0.0853508771929825,1.18421052631579,306.566666666667,59.5
"618",47,16,"Pmo","none","dense",0.06,3.66,0.35,0.0956284153005464,0.842622950819672,299.166666666667,45
"619",46,14,"Htr_liv","none","dense",0.04,3.78,0.548,0.144973544973545,0.86031746031746,258.966666666667,71.4
"620",46,19,"Fla_cap","none","dense",0.04,2.478,0.529,0.213478611783697,0.817594834543987,260,22.5
"621",46,22,"Pmo_sub","none","dense",0.08,2.598,0.459,0.176674364896074,0.934565050038491,274.166666666667,37.5
"622",46,23,"Pmo_sub","none","dense",0.05,13.1,1.144,0.0873282442748092,1.09160305343511,649.9,67
"623",48,2,"Pun_rud","few","sparse",0.03,3.11,0.41,0.131832797427653,0.838585209003216,372.866666666667,22.1
"624",48,3,"Pun_rud","few","sparse",0.02,0.628,0.101,0.160828025477707,1.17834394904459,337.5,45
"625",48,5,"Pun","none","sparse",0.03,4.078,0.475,0.116478666012751,0.871996076508092,320.833333333333,42.5
"626",48,8,"Fla_cap","none","sparse",0.02,1.588,0.32,0.201511335012594,0.515113350125945,279.166666666667,22.5
"627",48,11,"Fla_cap","none","sparse",0.03,1.906,0.416,0.218258132214061,1.01573976915005,205,15
"628",48,15,"Fla_cap","none","sparse",0.03,1.728,0.361,0.208912037037037,1.19791666666667,279.166666666667,27.5
"629",48,19,"Pmo","none","dense",0.03,1.316,0.272,0.206686930091185,0.793313069908814,209.666666666667,62.9
"630",48,21,"Pun_rud","few","sparse",0.03,3.246,0.449,0.138324091189156,1.10351201478743,299.166666666667,47.5
"631",48,23,"Pun","few","sparse",0.01,0.636,0.1,0.157232704402516,0.933962264150943,254.166666666667,35
"632",48,24,"Pmo","none","dense",0.04,1.618,0.337,0.208281829419036,1.05562422744129,242.533333333333,52.7
"633",49,6,"Can_car","several","sparse",0.06,6.542,0.808,0.123509630082544,0.869458881076124,366.633333333333,62.9
"634",49,10,"Pun_rud","few","sparse",0.03,8.316,0.784,0.0942760942760943,0.792207792207792,350,52.5
"635",49,11,"Pun_rud","many","sparse",0.03,5.936,0.443,0.0746293800539084,0.454514824797844,444.166666666667,50
"636",49,15,"Fla_cap","few","sparse",0.08,17,1.202,0.0707058823529412,0.652941176470588,692.333333333333,113.9
"637",49,16,"Pyx_sub","several","sparse",0.04,3.4,0.236,0.0694117647058824,0.705882352941177,409.166666666667,72.5
"638",49,19,"Fla_cap","several","dense",0.04,14,1.158,0.0827142857142857,0.607142857142857,367.5,55
"639",49,20,"Pmo_hyp","none","dense",0.06,5.382,0.601,0.111668524712003,0.810479375696767,473.733333333333,102
"640",49,23,"Usn_str","none","none",NA,89.9,1.803,0.020055617352614,1.04783092324805,1146.66666666667,120
"641",49,24,"Phy_mil","several","sparse",0.02,1.99,0.208,0.104522613065327,0.875376884422111,248.333333333333,40
"642",50,2,"Phy_mil","several","sparse",0.02,3.888,0.531,0.136574074074074,0.836934156378601,380.233333333333,85
"643",50,8,"Phy_mil","none","sparse",NA,NA,0.006,NA,NA,NA,NA
"644",50,11,"Pun_rud","few","sparse",0.03,6.58,0.664,0.100911854103343,1.01003039513678,511.433333333333,67
"645",50,14,"Pyx_sub","many","sparse",0.02,15.7,0.921,0.0586624203821656,0.554140127388535,354.166666666667,72.5
"646",51,2,"Can_car","many","sparse",0.02,16.3,1.081,0.066319018404908,1.04294478527607,472.5,42.5
"647",51,6,"Can_car","several","sparse",0.04,18.5,1.374,0.0742702702702703,0.843243243243243,473.733333333333,117.3
"648",51,10,"Pmo","none","dense",0.04,12.4,1.358,0.109516129032258,1.51612903225806,304.3,37.4
"649",51,11,"Pmo_ret","none","dense",0.06,29.8,2.384,0.08,1.23825503355705,287.5,32.5
"650",51,12,"Pun_rud","several","sparse",0.02,2.68,0.317,0.118283582089552,0.991791044776119,303.733333333333,66.3
"651",51,14,"Pyx_sub","several","sparse",0.02,4.762,0.417,0.0875682486350273,0.942041159176817,91.3333333333333,15
"652",51,15,"Pun_rud","several","sparse",0.04,14.4,1.311,0.0910416666666667,1,419.866666666667,93.8
"653",51,16,"Pmo","none","dense",0.15,0.724,0.117,0.161602209944751,0.734806629834254,397.233333333333,142.8
"654",51,23,"Fla_cap","few","sparse",0.07,7.518,0.904,0.12024474594307,0.986166533652567,309.4,96.9
"655",52,12,"Pmo_ret","several","sparse",0.04,22.186,1.863,0.0839718741548724,0.491751555034706,323.833333333333,46.9
"656",52,20,"Pun_rud","several","sparse",0.09,39.1,3.988,0.101994884910486,0.703324808184143,296.366666666667,44.2
"657",52,23,"Pun_rud","several","sparse",0.04,NA,1.056,NA,NA,1621.4,180.9
"658",52,24,"Fla_cap","few","sparse",0.04,13.39,1.302,0.0972367438386856,NA,414.166666666667,32.5
"659",54,9,"Htr_liv","none","dense",0.03,4.784,0.536,0.112040133779264,1.09782608695652,217.5,30
"660",54,11,"Pyx_sub","several","dense",0.03,4.246,0.379,0.0892604804521903,0.729156853509185,265,65
"661",54,12,"Pun","none","sparse",0.03,1.762,0.255,0.14472190692395,0.632236095346197,405,50
"662",54,20,"Pmo_ret","several","sparse",0.05,14.7,1.59,0.108163265306122,1.04761904761905,542.7,127.3
"663",54,24,"Pun_rud","several","sparse",0.05,19.1,1.096,0.0573821989528796,0.628272251308901,349.066666666667,61.2
"664",53,1,"Can_car","none","sparse",0.02,2.204,0.31,0.14065335753176,0.927404718693285,267.5,25
"665",53,2,"Can_car","few","sparse",0.04,14.7,1.822,0.123945578231293,1.1156462585034,396.1,136
"666",53,4,"Can_car","few","sparse",0.03,9.6,1.479,0.1540625,0.885416666666667,359.266666666667,110.5
"667",53,5,"Pun_rud","few","sparse",0.05,13.2,1.73,0.131060606060606,1.1969696969697,443.7,120.7
"668",53,6,"Fla_cap","none","sparse",0.04,11.6,1.222,0.105344827586207,0.974137931034483,355.866666666667,NA
"669",53,9,"Fla_cap","none","sparse",0.03,23.224,2.413,0.103901136755081,0.930933517051326,289.166666666667,30
"670",53,11,"Pps_min","none","dense",0.02,1.552,0.361,0.232603092783505,1.07860824742268,220.833333333333,17.5
"671",53,12,"Pun","none","sparse",0.05,3.194,0.427,0.133688165309956,0.789605510331872,405.166666666667,57.8
"672",53,13,"Can_car","none","dense",0.01,2.204,0.326,0.147912885662432,1.01814882032668,241.666666666667,27.5
"673",53,14,"Can","none","sparse",0.1,8.502,1.484,0.174547165372853,0.98541519642437,352.466666666667,66.3
"674",53,16,"Pun_rud","few","sparse",0.06,7.818,0.757,0.0968278332054234,0.922742389357892,282.2,73.1
"675",53,17,"Pun_rud","none","dense",0.04,5.09,0.662,0.130058939096267,0.942632612966601,291.833333333333,93.5
"676",53,18,"Pun","none","sparse",0.04,1.838,0.243,0.132208922742111,0.895538628944505,326.4,54.4
"677",53,20,"Can","none","dense",0.03,6.092,1.096,0.179908076165463,0.936638214051215,326.966666666667,183.6
"678",53,21,"Pun_rud","few","sparse",0.03,5.288,0.498,0.0941754916792738,0.95839636913767,308.266666666667,107.1
"679",53,22,"Fla_cap","none","sparse",0.03,0.534,0.108,0.202247191011236,0.951310861423221,328.666666666667,81.6
"680",60,24,"Pun_rud","few","dense",NA,9.076,NA,NA,0.853680035257823,NA,NA
